Month,Unemployment Rate_USLabourStats,,unemployment: (United States),social security: (United States),Social Security Office Locations: (United States),Social Security Administration: (United States),Unemployment Benefits: (United States),Social Security Disability: (United States),Social Security Gov: (United States),Unemployment Office: (United States),Food Stamps: (United States),Department of Labor: (United States),Job Search: (United States),Resume: (United States),Job Search Engines: (United States),Cover Letter: (United States),Axed: (United States),Pink Slip: (United States),Downsized: (United States),Unemployment Insurance Division: (United States),Continued Claim: (United States),Unemployment Insurance: (United States),Unemployment Compensation: (United States),Unemployment Compensation for Federal Employees: (United States),UCX: (United States),Unemployment Claim: (United States),apply for unemployment: (United States),applying for unemployment: (United States),filing for unemployment: (United States),Unemployment Online: (United States),Unemployment office locations: (United States),Unemployment eligibility: (United States),ui benefits: (United States),unemployed: (United States),labor force: (United States),eligible population: (United States),labor force participation rate: (United States),discouraged workers: (United States),underemployed: (United States),full employment output: (United States),natural rate of employment: (United States),frictional unemployment: (United States),structural unemployment: (United States),cyclical unemployment: (United States),desempleo: (United States),Seguro de desempleo: (United States),Unemoloyment in Chinese: (United States),reducida: (United States),,,,Index
2004-01,5.7,0.755874856,27,73,2,100,19,50,8,48,10,95,100,100,39,90,39,63,4,77,0,61,71,0,0,11,22,26,20,15,14,10,24,44,50,15,18,52,3,0,0,36,18,0,24,0,0,0,,1478,0.004872276,0.487227583
2004-02,5.6,0.748188027,25,74,3,91,19,52,4,41,8,90,86,94,33,88,51,44,4,51,0,52,63,0,0,9,8,52,28,16,10,12,23,38,70,16,0,100,7,0,0,45,45,55,17,0,52,71,,1647,0.00542939,0.542938991
2004-03,5.8,0.763427994,23,71,3,99,15,48,10,33,11,84,84,94,36,82,33,20,9,0,0,54,47,0,75,7,11,40,28,12,0,12,0,29,60,20,0,64,4,0,0,69,23,94,20,0,0,88,,1512,0.004984358,0.498435795
2004-04,5.6,0.748188027,24,69,4,83,14,46,18,30,10,89,82,91,31,88,25,34,4,49,0,44,58,0,0,8,27,30,15,11,9,13,22,37,90,15,52,49,3,0,0,44,61,36,27,0,50,68,,1560,0.005142592,0.514259154
2004-05,5.6,0.748188027,21,66,1,79,15,51,11,35,9,84,87,87,33,83,46,26,3,90,0,47,53,100,52,5,15,14,29,10,17,15,20,37,67,14,0,44,3,0,0,43,49,33,16,0,46,0,,1556,0.005129405,0.51294054
2004-06,5.6,0.748188027,22,73,2,98,15,51,5,40,12,92,86,87,32,82,24,30,3,0,0,52,46,0,53,7,27,70,24,12,0,20,0,38,46,0,0,0,0,0,100,0,16,0,22,57,0,0,,1344,0.00443054,0.44305404
2004-07,5.5,0.740362689,23,73,2,85,12,56,7,42,12,95,86,87,31,77,48,36,3,0,0,56,44,0,56,7,30,19,16,10,9,11,44,35,33,0,16,47,5,0,0,17,17,35,19,0,0,0,,1301,0.004288789,0.428878948
2004-08,5.4,0.73239376,21,78,3,95,13,61,10,39,12,100,81,89,32,77,33,64,3,0,0,38,38,0,50,8,14,27,24,12,11,16,0,42,58,0,15,42,0,0,0,23,23,15,12,0,43,0,,1322,0.004358017,0.435801667
2004-09,5.4,0.73239376,21,72,1,88,13,62,6,36,13,88,75,90,28,82,41,29,6,80,0,44,43,0,70,6,19,29,21,8,7,10,18,42,79,12,14,80,4,0,86,21,43,15,18,0,42,0,,1562,0.005149185,0.51491846
2004-10,5.5,0.740362689,21,75,1,79,11,54,7,33,14,85,69,83,24,71,42,50,3,41,0,39,44,0,72,6,26,21,13,9,8,9,19,44,88,38,0,41,0,0,90,15,22,15,10,0,43,0,,1435,0.004730525,0.473052491
2004-11,5.4,0.73239376,20,73,2,81,12,53,10,34,11,77,64,74,21,70,33,23,0,43,0,36,39,0,100,4,18,35,22,10,8,14,0,42,75,33,30,0,2,0,92,45,30,39,25,0,0,0,,1400,0.004615146,0.461514625
2004-12,5.4,0.73239376,19,70,3,81,11,45,14,32,9,72,58,65,16,62,20,44,3,37,0,51,39,0,45,8,29,35,5,13,7,14,0,41,45,23,14,0,4,0,0,14,14,14,10,0,0,0,,1086,0.003580035,0.358003488
2005-01,5.3,0.72427587,24,88,3,98,14,53,9,43,11,91,78,93,27,81,34,30,0,100,12,52,51,0,78,6,15,41,23,9,9,8,15,39,62,10,12,0,2,0,70,23,35,12,5,0,51,0,,1517,0.005000841,0.500084062
2005-02,5.4,0.73239376,21,100,3,88,13,54,4,36,10,84,68,88,33,88,27,35,3,53,13,49,37,0,41,8,13,32,20,13,0,14,16,38,82,11,12,0,4,0,0,38,44,45,12,0,72,0,,1422,0.00468767,0.468766998
2005-03,5.2,0.716003344,20,85,1,87,11,56,8,29,10,81,67,84,22,86,23,29,4,59,17,42,49,0,53,7,15,25,25,9,17,15,14,32,71,18,11,30,2,0,64,25,22,16,17,0,31,41,,1430,0.004714042,0.471404224
2005-04,5.2,0.716003344,21,79,1,78,9,51,4,33,11,78,66,84,22,84,26,22,2,34,0,47,42,0,0,5,19,10,24,9,13,6,32,35,85,10,24,0,3,0,0,40,30,25,16,0,0,0,,1180,0.003889909,0.388990898
2005-05,5.1,0.707570176,19,72,1,81,10,57,11,34,10,74,71,85,23,79,31,43,2,30,0,41,40,0,70,9,24,34,21,8,17,13,0,26,71,27,0,0,2,0,0,28,16,22,11,0,31,0,,1244,0.004100887,0.41008871
2005-06,5,0.698970004,20,75,2,95,11,62,14,37,12,83,69,84,26,80,40,37,5,31,23,49,40,0,37,7,21,32,30,11,6,7,36,28,47,38,22,0,3,67,68,17,33,0,12,39,32,0,,1488,0.004905241,0.490524116
2005-07,5,0.698970004,21,72,2,74,12,57,7,38,12,81,65,81,21,72,32,59,2,63,0,47,51,68,74,9,20,38,22,12,9,17,0,27,39,9,11,31,4,0,0,0,11,17,9,0,63,0,,1359,0.004479988,0.44799884
2005-08,4.9,0.69019608,19,75,3,93,11,58,14,37,16,80,65,83,23,75,0,36,2,29,11,45,44,0,35,8,15,24,19,13,5,12,34,33,50,27,10,0,2,0,0,0,0,10,11,37,30,0,,1194,0.00393606,0.393606045
2005-09,5,0.698970004,20,67,3,82,14,55,9,35,23,75,61,85,21,73,0,24,6,54,10,47,33,0,64,7,17,64,24,9,13,9,0,25,59,8,29,0,2,0,58,13,14,30,6,34,0,0,,1282,0.004226155,0.422615535
2005-10,5,0.698970004,20,67,3,78,10,54,6,35,19,76,55,78,17,72,32,24,4,38,14,40,40,0,0,9,23,18,23,11,7,6,17,27,78,0,27,0,1,54,55,22,18,14,11,0,26,0,,1229,0.004051439,0.40514391
2005-11,5,0.698970004,20,65,2,78,12,44,11,34,18,67,54,70,15,61,13,36,2,26,10,41,38,0,61,7,26,32,25,9,10,8,24,24,67,16,9,26,2,0,56,31,19,23,17,32,0,0,,1241,0.004090997,0.40909975
2005-12,4.9,0.69019608,20,61,2,69,10,44,9,29,11,67,48,60,14,54,50,49,0,0,9,43,34,0,0,7,12,20,31,14,0,6,0,25,53,8,13,25,1,0,53,35,13,13,11,31,0,34,,1088,0.003586628,0.358662794
2006-01,4.7,0.672097858,24,75,2,86,13,58,10,41,14,84,65,89,21,86,33,53,2,22,8,54,46,0,0,7,22,18,31,9,4,10,30,27,54,0,11,0,3,0,0,16,15,20,8,28,23,29,,1251,0.004123963,0.412396283
2006-02,4.8,0.681241237,21,68,2,87,11,53,10,33,12,72,55,81,16,85,0,40,3,23,0,43,41,50,67,7,24,23,28,8,8,8,21,25,72,0,24,46,2,49,0,16,12,25,16,28,24,0,,1339,0.004414058,0.441405774
2006-03,4.7,0.672097858,19,68,2,78,10,54,6,30,12,69,56,81,18,82,20,39,4,20,7,38,39,0,58,6,27,29,22,8,10,12,0,26,66,12,35,79,2,0,43,26,25,29,14,25,21,55,,1382,0.004555809,0.455580866
2006-04,4.7,0.672097858,20,65,3,75,9,47,12,29,13,69,55,78,18,79,16,45,5,21,8,37,39,0,50,6,21,28,23,10,8,10,0,28,64,6,11,32,2,0,46,38,34,19,9,26,0,0,,1214,0.004001991,0.400199111
2006-05,4.6,0.662757832,19,66,2,84,10,52,9,31,13,70,56,81,17,79,25,40,1,39,0,41,35,0,24,7,21,18,23,9,5,13,9,23,63,9,7,40,3,43,44,16,21,14,12,25,20,27,,1266,0.004173411,0.417341082
2006-06,4.6,0.662757832,20,71,4,87,10,54,10,38,13,74,58,76,19,77,21,43,5,53,8,41,37,0,37,8,26,28,26,12,8,10,20,20,48,0,7,42,1,0,46,8,8,8,12,0,22,29,,1245,0.004104184,0.410418363
2006-07,4.7,0.672097858,22,68,3,80,13,52,7,36,15,67,57,74,21,70,21,42,4,31,15,44,38,0,72,7,26,40,30,14,8,9,0,21,37,6,15,0,1,0,0,7,7,8,7,0,0,0,,1095,0.003609704,0.360970367
2006-08,4.7,0.672097858,19,72,3,91,11,57,12,35,16,67,57,82,19,74,29,38,3,19,7,37,36,0,89,7,20,39,25,7,5,14,13,19,39,0,7,37,2,0,0,7,13,7,6,0,40,0,,1180,0.003889909,0.388990898
2006-09,4.5,0.653212514,19,67,3,83,11,50,9,30,15,65,56,78,20,72,29,46,1,37,0,33,38,0,22,7,16,23,28,8,3,8,0,23,63,0,20,0,0,0,40,10,10,21,4,24,19,26,,1137,0.003748158,0.374815806
2006-10,4.4,0.643452676,21,68,4,89,11,49,10,37,13,68,50,77,17,71,35,37,1,26,6,47,38,0,70,7,24,28,28,7,7,11,8,25,61,5,9,17,2,37,37,12,18,19,5,43,36,24,,1315,0.004334941,0.433494094
2006-11,4.5,0.653212514,21,65,4,82,12,43,7,34,14,63,50,66,16,65,44,35,1,43,10,39,38,0,40,7,17,37,22,11,6,7,16,24,48,5,6,34,0,0,56,15,18,18,12,22,0,0,,1173,0.003866833,0.386683325
2006-12,4.4,0.643452676,21,59,3,76,13,40,11,35,12,59,43,56,14,55,18,48,3,35,7,41,37,0,41,8,16,25,19,11,6,8,0,27,46,0,18,0,2,0,38,14,25,19,5,22,18,0,,1054,0.003474546,0.347454582
2007-01,4.6,0.662757832,26,74,3,100,16,54,8,46,14,76,64,86,24,83,16,34,1,30,6,50,51,34,18,8,25,30,31,13,8,7,21,23,43,12,11,31,1,0,33,7,5,8,8,19,16,42,,1316,0.004338237,0.433823748
2007-02,4.5,0.653212514,22,69,3,95,15,47,12,39,14,69,52,78,22,80,8,36,1,0,6,42,46,0,19,8,16,28,25,11,5,8,15,23,57,10,9,16,2,35,0,10,12,32,9,0,0,0,,1106,0.003645966,0.364596554
2007-03,4.4,0.643452676,21,66,3,86,15,48,6,36,13,65,51,77,20,76,22,38,3,15,5,39,42,0,25,7,21,25,16,8,5,8,10,24,52,4,15,14,0,0,41,14,13,11,12,18,44,20,,1154,0.003804199,0.380419912
2007-04,4.5,0.653212514,22,65,3,94,15,49,5,38,15,65,52,79,19,84,41,39,3,15,0,44,43,0,51,7,15,32,17,12,6,8,7,25,60,7,8,15,3,0,0,24,16,27,8,18,46,0,,1202,0.003962433,0.396243271
2007-05,4.4,0.643452676,20,61,3,83,14,53,7,35,14,64,54,78,21,77,10,36,4,40,5,39,36,0,23,6,21,22,23,9,3,12,18,22,45,4,9,0,0,0,28,14,26,22,17,33,34,0,,1145,0.00377453,0.377453033
2007-06,4.6,0.662757832,21,64,3,89,16,51,7,41,15,70,54,76,22,74,22,32,3,21,5,40,44,31,50,8,22,44,33,11,6,6,6,22,41,4,12,43,1,31,30,8,35,13,9,0,29,19,,1284,0.004232748,0.423274842
2007-07,4.7,0.672097858,22,67,3,91,19,51,6,44,17,74,55,74,23,70,20,49,2,54,5,46,45,30,31,9,24,30,29,13,7,9,12,21,35,4,5,20,1,0,0,8,12,10,13,17,0,18,,1195,0.003939357,0.393935698
2007-08,4.6,0.662757832,21,68,3,97,18,52,8,42,18,68,53,75,21,72,36,35,3,13,10,38,40,0,15,9,23,35,24,11,6,9,18,24,37,0,9,0,1,0,0,5,0,9,12,0,13,0,,1051,0.003464656,0.346465622
2007-09,4.7,0.672097858,21,63,4,84,18,49,5,40,18,63,52,79,22,76,46,38,3,19,5,37,36,0,52,8,23,32,25,10,4,8,18,25,55,4,11,13,2,28,28,9,9,7,15,16,20,0,,1200,0.00395584,0.395583964
2007-10,4.7,0.672097858,23,69,4,90,17,55,6,42,18,65,47,76,19,75,38,37,2,23,4,39,41,0,13,9,23,37,27,15,8,9,13,25,69,5,18,11,1,49,75,22,24,19,15,24,24,16,,1341,0.004420651,0.44206508
2007-11,4.7,0.672097858,23,61,3,81,17,50,6,39,17,60,44,67,18,64,35,34,2,0,9,37,42,0,13,10,28,41,24,13,11,8,16,24,66,14,6,11,1,100,75,22,16,27,18,22,12,24,,1311,0.004321755,0.432175481
2007-12,5,0.698970004,24,56,3,73,20,45,5,39,14,54,39,55,18,56,12,35,3,24,4,42,40,26,21,11,24,21,32,17,4,10,6,25,46,5,8,0,1,25,0,13,15,13,16,0,24,24,,1048,0.003454767,0.345476662
2008-01,5,0.698970004,30,73,3,92,24,59,4,54,20,67,58,86,25,87,13,33,4,37,8,53,53,0,37,12,34,42,38,19,13,11,14,29,45,5,7,10,1,0,0,12,6,4,13,0,53,0,,1288,0.004245935,0.424593455
2008-02,4.9,0.69019608,26,67,3,93,22,57,9,44,16,61,51,77,17,83,22,41,2,16,8,47,45,0,13,9,33,41,36,16,9,8,17,29,53,7,10,27,2,70,35,24,12,18,24,27,23,15,,1365,0.004499768,0.449976759
2008-03,5.1,0.707570176,25,66,3,90,20,58,9,41,17,64,49,76,23,82,32,44,2,32,6,44,41,0,12,10,31,27,36,13,9,9,27,30,55,3,9,21,2,23,23,22,28,23,22,39,33,36,,1367,0.004506361,0.450636066
2008-04,5,0.698970004,27,64,3,85,23,56,8,42,21,63,52,77,25,88,13,45,1,31,6,44,47,0,12,11,27,27,42,14,7,12,21,28,63,3,7,10,2,22,45,26,20,34,29,25,64,21,,1393,0.004592071,0.459207052
2008-05,5.4,0.73239376,24,60,3,71,23,56,7,41,21,59,50,72,20,77,48,36,2,10,8,40,41,0,24,10,31,36,38,15,8,7,10,30,51,0,4,21,2,0,33,15,15,25,28,43,0,14,,1229,0.004051439,0.40514391
2008-06,5.6,0.748188027,30,62,10,61,32,57,10,46,23,62,53,72,25,76,25,35,1,22,12,51,48,0,0,13,39,57,47,18,10,10,26,27,40,5,6,11,2,24,24,12,4,16,34,37,40,23,,1338,0.004410761,0.44107612
2008-07,5.8,0.763427994,33,64,10,61,30,66,7,55,25,66,51,71,24,73,35,36,3,58,4,60,54,0,25,14,44,54,43,21,12,14,15,27,37,3,9,10,2,0,0,9,8,10,26,31,33,36,,1369,0.004512954,0.451295373
2008-08,6.1,0.785329835,32,62,14,54,27,64,8,54,25,65,51,71,25,71,27,45,3,16,4,52,44,0,12,16,42,33,44,20,12,16,12,26,36,6,4,31,1,0,22,0,6,6,31,22,54,43,,1309,0.004315162,0.431516174
2008-09,6.1,0.785329835,36,63,29,52,42,74,8,57,43,68,52,80,40,82,18,63,4,10,9,55,46,0,35,21,44,46,42,24,13,11,27,38,49,7,19,10,1,0,21,18,9,7,38,33,20,34,,1498,0.004938206,0.493820649
2008-10,6.5,0.812913357,41,66,34,48,51,70,7,67,36,67,47,73,37,76,46,38,3,27,7,65,51,0,16,21,62,54,56,28,21,17,43,40,54,18,19,40,1,19,39,17,25,36,51,52,42,24,,1752,0.005775526,0.577552588
2008-11,6.8,0.832508913,51,56,42,41,68,58,7,67,31,62,46,64,42,70,23,53,1,20,7,71,67,0,29,27,64,57,69,31,38,37,37,44,45,56,14,0,1,21,21,31,9,16,63,37,31,27,,1752,0.005775526,0.577552588
2008-12,7.3,0.86332286,60,54,60,37,62,64,7,89,30,69,46,56,42,62,37,49,2,67,18,82,94,0,17,41,76,83,70,39,55,42,62,52,41,6,7,24,2,20,20,23,12,17,38,42,65,20,,1961,0.006464501,0.646450128
2009-01,7.8,0.892094603,72,68,71,48,84,75,12,100,36,81,67,81,60,89,42,56,3,64,11,98,100,20,11,46,91,100,100,54,69,63,61,66,42,4,5,14,2,20,0,13,12,8,50,53,62,87,,2371,0.00781608,0.781607983
2009-02,8.3,0.919078092,74,65,66,53,95,79,15,84,40,77,57,79,52,92,37,59,2,63,11,100,97,0,17,44,84,82,80,51,64,60,47,84,58,6,24,39,3,21,32,25,40,39,62,81,100,33,,2473,0.008152326,0.81523262
2009-03,8.7,0.939519253,72,64,73,52,69,75,15,85,37,79,54,75,58,91,53,87,5,47,16,99,100,0,10,45,84,80,79,56,61,56,67,88,66,5,29,17,2,18,19,27,29,35,74,54,54,41,,2402,0.007918272,0.791827235
2009-04,9,0.954242509,67,60,68,50,61,71,8,78,37,76,51,71,62,86,34,86,3,31,23,85,89,20,10,45,81,55,66,50,53,53,65,69,59,5,14,18,2,19,32,21,21,39,75,59,55,43,,2226,0.007338083,0.733808254
2009-05,9.4,0.973127854,63,58,69,45,58,68,12,71,34,72,53,73,74,85,52,78,3,31,13,74,84,20,21,48,67,55,68,51,52,57,49,65,48,3,8,22,1,38,19,27,27,10,92,78,64,48,,2208,0.007278745,0.727874494
2009-06,9.5,0.977723605,68,59,91,43,66,79,12,85,41,79,59,73,91,87,16,90,2,41,24,81,89,0,11,53,89,75,85,60,79,70,80,67,41,6,5,23,2,19,0,11,11,5,88,64,42,100,,2362,0.007786411,0.778641103
2009-07,9.5,0.977723605,71,63,100,45,68,87,14,85,43,75,55,71,90,83,30,72,1,49,31,82,93,0,0,63,79,74,71,61,72,68,64,70,40,3,11,18,1,38,19,12,13,18,67,78,32,30,,2310,0.007614991,0.761499131
2009-08,9.6,0.982271233,69,64,92,46,71,86,33,81,47,69,55,73,90,82,33,59,1,53,26,80,88,0,10,63,79,62,64,65,67,67,75,72,40,5,5,18,1,0,19,8,3,6,80,44,59,61,,2271,0.007486427,0.748642653
2009-09,9.8,0.991226076,68,59,89,37,72,77,33,70,47,69,51,78,94,89,28,61,2,63,24,70,83,0,30,61,79,55,56,57,77,78,92,76,54,5,17,21,1,0,54,17,32,14,74,56,22,58,,2350,0.007746853,0.774685264
2009-10,10,1,72,56,87,35,81,71,33,55,45,70,42,73,93,83,35,60,2,52,32,79,75,0,28,68,67,45,63,75,78,80,96,83,63,6,41,12,2,60,34,41,24,32,95,100,21,72,,2517,0.008297374,0.829737365
2009-11,9.9,0.995635195,77,51,61,30,83,70,40,59,45,68,42,64,74,74,23,100,2,37,60,76,72,0,29,84,65,74,58,74,82,84,85,77,61,8,25,37,2,17,61,33,41,40,100,72,34,79,,2530,0.008340229,0.834022858
2009-12,9.9,0.995635195,74,50,36,28,66,68,35,58,39,68,39,57,68,68,17,52,2,45,52,65,72,0,19,93,66,39,55,74,73,83,79,75,43,7,11,16,4,36,35,25,28,22,57,75,67,62,,2203,0.007262262,0.726226228
2010-01,9.8,0.991226076,80,62,46,34,65,90,95,69,46,77,54,81,100,97,25,55,1,83,43,72,76,0,13,99,72,60,61,87,100,88,93,85,39,2,11,27,4,0,16,20,16,8,57,54,32,37,,2432,0.008017168,0.801716834
2010-02,9.8,0.991226076,73,59,53,34,66,80,100,54,38,69,46,76,82,95,38,51,1,40,52,71,60,17,23,79,59,46,54,71,68,78,98,79,56,7,28,47,3,42,26,30,34,36,71,76,29,65,,2460,0.008109471,0.810947127
2010-03,9.9,0.995635195,77,60,86,34,77,79,91,51,39,70,46,78,75,100,38,61,2,75,39,66,56,16,25,86,67,53,44,85,66,87,89,100,57,7,21,29,3,16,31,33,50,47,75,60,59,44,,2550,0.008406159,0.840615924
2010-04,9.9,0.995635195,71,59,73,41,68,77,64,48,40,68,41,76,65,97,38,40,5,64,37,56,56,17,27,77,66,46,46,71,65,82,74,90,61,7,19,30,2,32,32,30,31,47,84,94,55,47,,2416,0.007964424,0.796442382
2010-05,9.6,0.982271233,65,54,63,38,56,72,25,44,40,61,39,75,60,90,34,53,3,78,45,47,46,0,23,79,66,44,51,65,52,79,70,76,45,0,11,15,1,25,17,36,35,38,85,42,24,80,,2147,0.007077656,0.707765643
2010-06,9.4,0.973127854,82,56,41,44,82,77,12,55,45,65,42,72,64,89,29,53,2,44,37,55,60,36,24,91,84,61,58,68,61,100,100,99,40,4,10,20,2,17,26,11,20,16,87,47,17,61,,2266,0.007469944,0.746994386
2010-07,9.4,0.973127854,100,53,26,45,100,76,14,61,50,64,36,63,47,76,30,57,5,51,53,59,64,0,20,82,81,61,49,84,67,80,82,93,30,3,10,31,2,0,22,21,22,24,80,74,46,47,,2241,0.007387531,0.738753053
2010-08,9.5,0.977723605,65,60,23,50,47,78,10,58,50,60,33,66,42,78,32,48,1,36,45,43,41,22,23,73,77,49,54,58,50,47,73,75,30,8,0,13,4,0,14,10,18,16,78,71,20,72,,1921,0.00633264,0.633263996
2010-09,9.5,0.977723605,57,55,18,49,39,69,10,47,47,56,31,72,39,79,31,48,5,29,46,38,35,14,23,62,73,57,40,52,33,41,50,68,50,4,23,16,2,14,18,26,25,20,84,53,53,65,,1866,0.006151331,0.615133065
2010-10,9.4,0.973127854,55,54,16,46,37,69,10,44,51,53,27,68,32,75,23,44,9,22,51,37,31,13,18,57,72,51,52,50,38,37,58,65,58,8,28,24,1,13,49,38,41,50,80,56,28,38,,1877,0.006187593,0.618759251
2010-11,9.8,0.991226076,60,52,17,45,47,58,9,47,44,54,27,62,28,68,39,44,91,31,59,43,35,13,11,60,73,38,39,57,39,45,62,69,51,6,30,40,2,26,26,41,66,41,90,89,41,63,,2078,0.006850196,0.685019565
2010-12,9.3,0.968482949,76,52,11,42,63,60,10,49,41,51,24,53,27,59,26,39,80,49,64,61,38,20,25,63,86,56,46,66,40,51,76,75,39,2,13,12,2,13,13,27,45,38,69,79,51,38,,2020,0.006658997,0.665899673
2011-01,9.1,0.959041392,81,72,22,51,51,85,17,68,58,71,37,82,43,97,31,57,55,48,100,55,43,11,17,89,93,78,84,100,67,63,94,74,45,2,9,22,1,0,0,23,25,13,36,28,18,7,,2223,0.007328193,0.732819294
2011-02,9,0.954242509,65,65,20,49,44,77,15,55,47,61,32,77,38,95,33,48,29,16,67,41,37,11,27,70,74,47,62,73,40,39,78,76,62,5,28,48,3,27,33,42,68,48,27,28,24,18,,2069,0.006820527,0.682052685
2011-03,9,0.954242509,59,64,11,51,39,81,14,51,46,60,32,79,36,96,20,61,22,37,37,39,40,10,19,55,64,54,55,54,43,28,61,71,59,4,33,42,3,15,20,42,36,52,27,20,17,6,,1865,0.006148034,0.614803411
2011-04,9.1,0.959041392,58,64,6,47,37,80,15,51,49,56,30,76,35,91,49,58,15,41,30,44,40,25,20,59,68,52,59,58,35,29,51,73,61,5,25,31,3,36,26,55,48,48,25,8,45,0,,1917,0.006319454,0.631945383
2011-05,9,0.954242509,56,56,6,40,36,75,10,51,58,55,31,78,36,92,45,56,10,33,43,41,34,16,22,72,75,48,53,55,33,28,61,62,50,3,20,28,4,15,10,46,46,45,25,17,22,6,,1804,0.005946946,0.59469456
2011-06,9.1,0.959041392,60,62,8,42,38,79,11,56,61,60,32,76,37,87,26,58,12,19,46,37,38,0,26,80,98,61,55,62,45,36,62,68,31,6,9,22,3,21,10,19,42,30,27,16,17,7,,1798,0.005927166,0.59271664
2011-07,9,0.954242509,62,70,6,42,37,84,13,55,62,58,31,71,36,79,34,58,22,21,38,37,35,11,22,83,92,57,61,64,40,33,51,65,33,3,12,26,3,25,17,12,27,16,28,16,24,6,,1778,0.005861236,0.586123574
2011-08,9,0.954242509,61,66,8,42,39,85,10,55,72,59,31,77,36,85,34,67,100,27,43,38,34,10,34,100,94,61,63,69,49,38,52,67,33,7,9,16,3,9,0,12,27,13,33,15,21,6,,1910,0.006296378,0.62963781
2011-09,9,0.954242509,57,63,8,38,35,77,11,49,69,55,29,80,32,86,38,52,60,24,63,36,33,0,18,88,90,61,59,62,41,43,47,73,53,3,23,40,4,19,9,26,47,22,31,16,30,6,,1906,0.006283192,0.628319197
2011-10,8.8,0.944482672,59,63,8,44,33,75,13,50,60,54,26,73,26,78,53,48,58,44,49,35,37,9,17,94,86,48,46,59,39,35,75,79,61,6,38,48,5,13,24,52,50,60,31,26,24,9,,2020,0.006658997,0.665899673
2011-11,8.6,0.934498451,58,57,8,43,29,69,7,55,57,51,24,63,23,72,35,48,17,8,42,34,40,0,20,69,91,50,46,56,29,24,58,70,53,8,27,52,3,36,30,50,55,56,37,23,30,0,,1813,0.005976614,0.597661439
2011-12,8.5,0.929418926,61,56,7,37,36,69,12,54,51,46,22,53,24,61,45,48,11,28,45,35,39,9,12,65,84,55,47,53,31,23,81,60,46,5,24,34,3,34,26,32,37,37,36,22,31,0,,1727,0.005693113,0.569311255
2012-01,8.3,0.919078092,73,68,9,45,36,77,15,70,60,60,30,76,34,89,40,55,11,43,50,44,37,0,35,85,91,55,58,74,61,33,69,71,44,5,21,20,3,12,16,20,38,29,43,17,23,5,,1950,0.006428239,0.642823942
2012-02,8.3,0.919078092,61,65,7,43,31,72,12,50,51,53,26,71,26,90,44,54,7,29,48,39,31,0,61,66,85,47,44,55,30,25,62,68,75,5,58,49,3,17,37,46,61,50,37,18,24,11,,1944,0.00640846,0.640846022
2012-03,8.2,0.913813852,55,62,8,42,27,73,11,46,52,50,25,67,27,85,32,59,9,24,68,31,27,8,31,65,81,46,41,47,23,25,57,63,64,4,42,39,3,32,24,48,52,61,35,9,25,10,,1815,0.005983207,0.598320746
2012-04,8.2,0.913813852,57,60,6,37,26,72,11,48,53,50,25,66,30,82,35,56,9,32,36,31,26,0,43,64,67,41,30,48,24,28,59,62,62,4,37,54,5,41,19,48,61,53,42,24,22,8,,1794,0.00591398,0.591398027
2012-05,8.2,0.913813852,53,58,7,36,27,76,10,51,54,47,27,68,32,81,66,52,10,27,38,30,24,8,56,69,79,48,31,46,26,26,53,60,59,6,41,33,6,24,24,40,60,42,41,18,26,5,,1801,0.005937056,0.5937056
2012-06,8.2,0.913813852,53,59,7,39,28,79,11,54,61,47,27,65,27,75,100,59,10,23,45,30,26,17,32,68,85,55,42,49,35,27,54,58,38,5,14,43,7,17,14,23,30,30,46,21,14,8,,1757,0.005792009,0.579200854
2012-07,8.2,0.913813852,58,59,7,39,31,81,9,63,66,49,26,60,13,73,42,54,9,28,59,37,30,0,45,73,100,48,37,64,43,27,59,60,38,3,18,29,6,23,21,17,25,15,45,26,27,8,,1750,0.005768933,0.576893281
2012-08,8.1,0.908485019,50,65,5,42,26,80,12,60,67,45,25,64,14,74,28,61,12,29,40,30,26,0,46,56,85,48,38,53,29,28,65,58,30,8,15,14,6,8,8,9,15,8,48,15,26,10,,1581,0.005211819,0.521181873
2012-09,7.8,0.892094603,53,59,4,36,28,75,10,55,76,43,24,67,26,77,39,54,10,15,35,26,23,24,43,57,82,48,34,56,25,26,63,68,68,7,54,79,24,19,23,36,45,41,45,27,19,5,,1853,0.006108476,0.610847572
2012-10,7.8,0.892094603,55,61,6,37,28,75,9,61,61,45,23,62,23,71,45,50,8,28,46,29,25,7,31,61,85,46,36,56,24,24,61,69,79,11,70,99,100,21,35,55,69,69,42,22,34,16,,2070,0.006823823,0.682382338
2012-11,7.7,0.886490725,56,57,8,32,31,69,8,62,68,42,20,54,18,62,39,53,6,32,39,33,27,7,40,62,85,50,38,61,27,21,57,70,64,45,42,56,74,51,33,50,58,56,52,24,41,14,,1994,0.006573287,0.657328687
2012-12,7.9,0.897627091,56,54,5,32,50,66,8,52,48,40,19,46,12,54,37,46,6,18,48,31,32,0,45,65,79,45,39,68,32,18,84,51,49,7,28,15,71,25,25,44,48,43,49,24,21,5,,1740,0.005735967,0.573596748
2013-01,8,0.903089987,63,79,7,43,47,82,11,72,59,48,26,70,21,83,53,51,8,43,40,35,32,7,36,66,93,48,46,79,40,26,70,63,47,3,29,25,62,10,11,25,21,35,55,36,30,8,,1944,0.00640846,0.640846022
2013-02,7.7,0.886490725,49,69,9,43,31,72,13,54,52,44,23,66,19,83,42,54,5,20,33,26,25,20,45,53,72,41,34,84,19,21,55,60,72,6,49,73,21,29,33,52,56,59,41,18,34,14,,1893,0.006240337,0.624033704
2013-03,7.5,0.875061263,45,65,5,44,28,73,8,45,50,41,22,62,16,79,40,54,4,24,25,26,25,17,50,45,67,33,30,58,17,18,47,53,66,5,50,63,15,49,39,51,48,54,37,19,25,13,,1750,0.005768933,0.576893281
2013-04,7.6,0.880813592,47,66,8,45,26,85,9,49,52,41,24,66,15,83,32,54,5,28,24,29,27,7,40,45,79,48,32,53,22,18,57,54,78,3,54,64,11,37,16,50,70,58,42,19,31,4,,1807,0.005956835,0.59568352
2013-05,7.5,0.875061263,43,59,5,39,30,76,7,46,51,40,23,65,13,79,38,51,5,16,30,22,19,10,38,43,70,45,29,41,30,18,50,48,61,8,38,31,10,30,11,50,49,52,40,13,30,11,,1613,0.005317308,0.531730779
2013-06,7.5,0.875061263,44,61,7,37,29,69,11,51,57,40,23,62,17,71,31,57,3,16,38,22,19,17,67,49,81,50,35,52,18,19,46,48,34,1,18,26,8,14,12,22,29,25,45,26,17,9,,1533,0.005053585,0.505358514
2013-07,7.3,0.86332286,47,66,7,43,28,78,41,57,62,41,24,61,20,72,34,61,4,33,35,26,24,14,54,53,82,41,32,53,29,22,57,51,35,5,26,17,7,30,21,18,20,18,43,25,21,13,,1651,0.005442576,0.544257604
2013-08,7.2,0.857332496,42,67,8,43,24,93,12,50,64,38,23,64,15,72,27,59,4,21,21,21,20,7,29,48,84,49,32,42,27,22,47,47,35,5,20,15,7,0,13,10,13,12,39,9,21,17,,1438,0.004740415,0.474041451
2013-09,7.2,0.857332496,44,64,7,41,28,92,10,47,70,39,22,66,13,76,29,57,4,22,35,22,18,16,45,49,77,46,30,45,29,19,53,53,66,5,58,48,7,13,42,44,41,37,45,17,24,15,,1730,0.005703002,0.570300215
2013-10,7.2,0.857332496,48,74,7,43,32,89,14,57,100,40,21,63,13,72,27,47,4,27,36,28,21,52,40,54,97,55,41,45,35,25,52,65,77,9,60,64,7,32,47,65,74,82,46,19,43,18,,2067,0.006813934,0.681393379
2013-11,6.9,0.838849091,43,61,7,35,24,74,9,47,58,34,18,54,11,64,38,43,4,15,36,22,19,0,32,50,69,39,26,38,22,19,45,57,66,8,52,35,5,56,31,56,59,64,42,15,25,26,,1653,0.005449169,0.544916911
2013-12,6.7,0.826074803,53,59,5,35,34,79,9,55,47,34,17,45,10,53,34,46,2,26,25,26,32,7,40,60,80,43,33,42,28,20,69,56,51,7,36,39,6,61,32,46,56,64,46,17,25,10,,1700,0.005604106,0.560410616
2014-01,6.6,0.819543936,70,73,6,43,79,98,13,63,60,42,23,66,15,80,28,52,3,37,22,41,60,0,48,59,96,48,35,61,27,20,93,65,61,6,50,26,6,25,18,26,32,24,59,34,30,10,,1933,0.006372198,0.637219836
2014-02,6.7,0.826074803,56,71,6,45,59,88,13,45,52,37,20,63,12,81,34,52,4,17,23,32,45,0,42,45,76,41,33,46,24,14,56,63,80,6,69,67,6,27,27,62,67,66,44,28,31,9,,1884,0.006210668,0.621066824
2014-03,6.7,0.826074803,53,69,6,43,49,77,10,40,49,33,20,63,12,78,25,54,3,17,18,31,43,6,38,41,71,38,27,37,21,16,59,67,72,1,49,55,6,61,32,61,80,82,40,34,18,31,,1836,0.006052435,0.605243465
2014-04,6.2,0.792391689,52,67,6,40,48,89,10,38,48,33,20,65,11,80,31,56,3,16,19,32,37,10,38,36,76,38,26,35,17,15,61,56,74,7,43,59,5,92,48,61,80,82,41,36,25,18,,1880,0.006197482,0.619748211
2014-05,6.3,0.799340549,46,62,4,38,36,94,9,36,47,30,19,63,12,76,32,50,18,17,15,24,26,0,35,30,69,38,25,30,19,15,45,50,67,4,50,29,5,56,31,60,59,75,38,31,32,19,,1666,0.005492024,0.549202404
2014-06,6.1,0.785329835,39,65,6,39,31,85,9,38,50,32,20,62,12,72,38,52,27,25,26,22,19,8,33,35,75,46,29,30,17,15,37,41,38,3,35,30,4,23,15,19,28,28,37,23,18,17,,1453,0.004789863,0.47898625
2014-07,6.2,0.792391689,37,69,7,42,24,80,9,39,53,33,20,62,14,69,19,63,10,24,23,22,19,8,52,36,78,43,23,33,19,16,40,44,45,6,44,31,4,29,20,19,25,24,40,19,19,9,,1464,0.004826124,0.482612437
2014-08,6.1,0.785329835,30,65,6,39,19,86,9,36,52,28,20,59,13,66,22,57,7,17,16,18,14,7,61,31,62,33,22,27,17,15,34,43,37,8,23,15,4,7,0,8,16,10,34,20,16,16,,1245,0.004104184,0.410418363
2014-09,5.9,0.770852012,30,65,5,36,21,96,11,38,51,30,20,67,12,75,42,58,4,18,19,18,15,7,44,29,70,34,25,24,15,13,33,45,70,7,45,37,5,21,38,38,38,40,33,23,17,7,,1489,0.004908538,0.490853769
2014-10,5.7,0.755874856,29,67,7,37,20,100,8,36,48,29,18,62,11,67,49,49,4,22,17,18,15,7,33,28,62,37,26,23,15,15,32,45,93,8,100,78,6,47,74,68,87,93,35,25,23,13,,1786,0.005887608,0.5887608
2014-11,5.8,0.763427994,30,59,7,34,17,71,8,36,45,26,15,51,9,57,38,47,6,21,16,17,14,7,50,30,63,29,22,24,11,13,32,43,74,14,64,49,6,39,35,58,63,70,36,23,22,9,,1510,0.004977765,0.497776488
2014-12,5.6,0.748188027,32,61,7,34,17,65,10,41,41,27,15,45,10,51,30,46,3,16,16,20,14,14,24,34,67,29,24,27,14,12,39,43,58,4,41,27,4,21,28,41,56,53,29,17,28,9,,1344,0.00443054,0.44305404
2015-01,5.7,0.755874856,37,73,5,40,18,84,8,49,47,35,20,62,13,71,25,50,6,30,17,23,18,0,42,35,76,40,35,36,18,15,39,52,54,5,41,36,4,20,24,29,35,35,39,17,34,9,,1501,0.004948096,0.494809609
2015-02,5.5,0.740362689,33,70,4,42,17,86,13,37,41,31,17,59,10,73,26,53,4,18,13,20,16,0,52,32,60,28,25,30,13,13,30,49,78,8,64,76,4,39,47,54,65,70,34,21,33,11,,1619,0.005337087,0.533708699
2015-03,5.4,0.73239376,31,70,6,43,18,90,9,36,41,30,18,61,10,74,28,56,3,12,16,19,14,0,46,31,61,32,20,24,11,14,43,47,82,7,75,80,4,50,38,75,71,76,32,10,36,21,,1671,0.005508507,0.55085067
2015-04,5.4,0.73239376,29,69,6,39,15,82,11,34,46,30,17,61,9,75,35,54,2,26,16,19,15,7,39,27,60,27,23,26,9,13,27,46,80,5,55,66,4,55,51,72,88,79,33,19,13,24,,1638,0.005399721,0.539972111
2015-05,5.6,0.748188027,27,61,5,35,13,68,8,33,42,27,16,59,8,69,28,48,3,18,19,16,13,7,39,27,57,26,21,20,7,12,35,37,59,6,36,31,5,25,21,61,74,57,29,16,22,11,,1357,0.004473395,0.447339533
2015-06,5.3,0.72427587,28,68,6,37,15,76,8,40,48,31,17,58,9,67,34,59,3,20,20,18,13,8,40,30,68,38,23,23,12,14,40,33,43,4,30,31,3,18,15,22,26,24,34,20,20,24,,1318,0.004344831,0.434483054
2015-07,5.2,0.716003344,30,72,6,37,17,90,9,41,52,32,17,58,9,66,30,58,3,25,21,18,14,7,48,33,67,29,27,28,11,13,34,37,48,5,33,29,4,29,24,20,21,17,33,18,28,9,,1357,0.004473395,0.447339533
2015-08,5.1,0.707570176,28,69,6,38,17,88,7,37,51,28,16,59,7,66,20,73,3,15,40,16,12,7,42,31,66,37,26,23,14,15,37,36,40,6,36,23,3,18,7,7,15,14,30,11,27,13,,1280,0.004219562,0.421956229
2015-09,5,0.698970004,26,65,5,32,15,79,9,36,51,27,15,63,7,69,29,57,2,18,19,17,12,7,43,28,69,37,22,22,10,14,36,43,78,8,66,52,4,10,30,36,38,49,30,20,23,18,,1446,0.004766787,0.476678677
2015-10,5,0.698970004,26,70,3,33,14,78,9,36,45,28,14,56,7,63,28,51,3,18,16,17,13,7,48,27,66,35,21,23,7,14,32,40,99,7,97,94,4,62,68,84,90,100,30,16,28,15,,1742,0.005742561,0.574256055
2015-11,5.1,0.707570176,27,64,3,28,15,68,8,36,42,25,13,49,5,57,23,59,3,19,17,18,14,7,48,31,62,31,23,26,12,12,40,43,80,9,68,46,4,84,39,59,74,84,32,21,29,9,,1566,0.005162371,0.516237073
2015-12,5,0.698970004,29,62,4,29,15,68,7,40,38,24,12,43,6,50,29,51,2,20,15,17,14,10,41,36,63,29,22,28,10,12,47,43,62,4,52,35,5,27,20,55,70,70,33,17,28,15,,1409,0.004644815,0.464481505
2016-01,4.9,0.69019608,35,73,5,28,19,80,10,49,46,25,15,56,6,62,37,58,2,18,17,19,15,6,25,43,69,35,27,32,16,13,44,51,60,7,45,36,3,22,38,34,33,45,43,19,8,10,,1439,0.004743711,0.474371104
2016-02,4.9,0.69019608,32,74,4,29,16,80,9,42,41,23,13,57,6,64,25,59,3,26,21,18,13,11,44,37,57,32,21,27,11,12,46,55,99,12,91,84,4,56,63,53,69,75,37,27,4,27,,1709,0.005633775,0.563377496
2016-03,5,0.698970004,27,72,5,28,14,76,10,36,41,23,13,53,5,63,17,66,3,16,20,17,13,11,29,30,62,32,21,24,8,12,34,48,96,11,84,60,4,58,52,81,71,73,31,16,6,25,,1597,0.005264563,0.526456326
2016-04,5,0.698970004,26,69,4,26,14,74,8,34,39,23,13,52,6,58,27,65,3,25,13,16,15,11,28,26,55,24,21,25,11,12,33,47,90,14,78,70,5,71,52,74,75,74,29,18,8,16,,1577,0.005198633,0.51986326
2016-05,4.8,0.681241237,25,61,3,25,15,78,7,33,41,23,12,52,5,54,30,64,3,18,19,15,13,6,25,30,58,31,17,22,9,11,33,43,68,3,38,40,4,40,31,58,60,66,28,9,5,26,,1357,0.004473395,0.447339533
2016-06,4.9,0.69019608,25,67,4,28,15,84,7,39,46,22,13,50,6,50,28,63,2,12,18,14,11,6,34,30,69,37,22,22,12,12,37,38,51,7,35,21,3,17,34,22,28,23,31,11,3,18,,1227,0.004044846,0.404484604
2016-07,4.8,0.681241237,25,62,3,23,15,74,7,39,43,21,12,45,5,44,22,66,2,11,20,15,11,8,31,32,60,30,19,24,8,12,30,38,38,9,34,24,3,20,11,15,11,19,29,10,4,17,,1101,0.003629483,0.362948287
2016-08,4.9,0.69019608,24,68,4,26,14,72,8,38,48,21,13,50,5,48,23,61,2,15,15,13,11,12,32,28,63,33,22,20,10,12,35,37,42,5,25,16,2,6,8,9,10,11,27,13,6,26,,1089,0.003589924,0.358992448
2016-09,5,0.698970004,23,62,3,24,13,75,7,33,43,20,12,51,6,50,20,60,3,6,14,12,9,11,28,26,58,22,16,19,8,10,33,41,76,9,50,51,4,19,24,35,43,41,26,10,5,14,,1225,0.004038253,0.403825297
2016-10,4.9,0.69019608,24,65,3,24,15,82,8,32,45,21,11,46,5,47,29,57,3,21,10,14,11,5,30,28,56,26,18,22,8,10,32,44,92,18,86,68,5,59,58,80,82,93,30,10,3,25,,1561,0.005145888,0.514588807
2016-11,4.7,0.672097858,24,62,2,22,13,69,8,34,41,22,10,43,5,44,16,59,3,13,13,15,10,14,33,30,58,24,17,21,6,11,35,48,90,100,72,54,6,34,25,65,61,73,35,12,6,12,,1470,0.004845904,0.484590356
2016-12,4.7,0.672097858,27,63,2,23,14,64,8,41,37,20,10,38,4,39,24,55,2,14,9,15,12,0,20,33,63,28,22,24,9,12,38,45,73,15,59,39,4,49,33,58,62,75,36,19,11,10,,1358,0.004476692,0.447669186
2017-01,4.7,0.672097858,34,75,3,26,15,74,8,53,45,24,14,55,5,57,33,61,2,24,17,21,16,8,25,40,81,36,25,37,16,14,52,55,77,18,71,39,4,22,23,26,34,32,44,13,21,19,,1494,0.00492502,0.492502036
2017-02,4.7,0.672097858,28,73,3,28,14,75,10,38,40,23,12,53,5,59,31,70,3,14,15,17,15,7,33,31,64,25,22,25,10,11,37,55,100,14,89,89,4,52,91,71,71,76,36,14,29,17,,1699,0.00560081,0.560080963
2017-03,4.4,0.643452676,24,70,2,27,14,78,9,30,35,21,12,54,5,62,28,75,2,16,17,17,12,5,34,27,56,27,18,21,8,11,37,54,96,9,65,62,4,66,58,88,89,91,31,9,23,16,,1615,0.005323901,0.532390085
2017-04,4.4,0.643452676,24,65,1,25,13,78,11,31,36,20,11,50,4,59,26,79,3,20,13,15,12,21,39,27,58,33,18,21,7,12,36,49,91,12,63,72,5,78,61,78,91,91,25,16,32,28,,1660,0.005472245,0.547224484
2017-05,4.4,0.643452676,23,63,2,26,12,72,8,34,41,19,12,50,5,57,30,77,3,12,13,15,10,10,37,24,64,32,20,20,7,11,33,43,66,8,48,48,4,43,37,72,76,68,23,14,28,13,,1433,0.004723932,0.472393184
2017-06,4.3,0.633468456,24,69,3,29,13,71,10,40,44,20,12,48,5,50,21,73,4,11,13,16,14,6,34,25,73,31,22,22,7,11,45,40,42,5,30,32,3,19,23,22,24,27,30,6,23,14,,1206,0.003975619,0.397561884
2017-07,4.3,0.633468456,24,68,2,27,14,70,7,36,44,19,12,45,5,47,27,81,3,15,15,16,14,11,39,30,63,30,18,24,9,12,39,38,37,7,24,31,3,30,20,14,18,19,29,19,18,16,,1189,0.003919578,0.391957778
2017-08,4.4,0.643452676,22,72,2,30,13,73,13,33,46,20,12,50,5,52,20,85,2,18,13,14,11,9,25,24,64,36,19,20,9,12,37,35,40,9,22,10,3,8,8,9,12,11,30,16,23,16,,1113,0.003669041,0.366904127
2017-09,4.2,0.62324929,22,65,1,28,14,70,14,30,59,17,11,50,5,52,20,68,23,11,13,14,10,5,33,23,69,31,18,19,6,11,35,38,69,13,44,40,3,18,37,43,37,39,27,10,31,6,,1302,0.004292086,0.429208601
2017-10,4.1,0.612783857,23,69,3,30,13,73,15,33,59,18,11,49,5,51,21,74,11,17,14,15,11,10,18,23,66,27,19,22,9,11,31,45,88,13,72,86,4,69,72,91,78,100,37,15,34,29,,1684,0.005551362,0.555136163
2017-11,4.2,0.62324929,23,65,2,29,12,68,15,36,42,17,11,44,4,47,21,74,9,16,17,15,13,18,44,23,62,33,18,22,8,12,36,44,72,13,55,63,3,57,56,70,66,63,39,24,18,17,,1516,0.004997544,0.499754408
2017-12,4.1,0.612783857,26,66,2,29,12,65,15,35,39,17,10,37,3,40,18,75,27,22,15,17,14,8,30,28,66,29,20,22,7,11,38,41,60,17,42,32,3,20,25,57,64,55,37,9,18,21,,1344,0.00443054,0.44305404
2018-01,4.1,0.612783857,34,81,1,36,16,79,20,46,48,23,12,53,4,58,27,72,15,23,19,19,16,10,36,37,73,32,23,31,9,13,48,43,57,5,34,25,2,16,31,29,28,26,45,15,20,12,,1402,0.004621739,0.462173932
2018-02,4.1,0.612783857,27,74,2,32,13,75,16,35,48,20,12,52,4,58,29,78,10,24,18,16,13,11,36,32,61,22,18,22,8,10,40,44,88,9,82,94,4,36,85,74,67,77,33,16,32,18,,1675,0.005521693,0.552169284
2018-03,4,0.602059991,23,73,2,29,11,69,17,33,37,18,11,49,4,56,19,83,10,20,11,15,10,6,37,25,55,27,18,19,7,10,31,42,87,11,63,78,4,56,68,76,78,84,33,14,21,21,,1571,0.005178853,0.51788534
2018-04,3.9,0.591064607,24,72,2,31,12,74,22,30,39,19,12,50,4,57,27,77,8,14,16,16,11,13,38,25,62,26,16,20,5,10,36,44,81,11,38,51,4,88,52,69,66,65,33,8,36,25,,1539,0.005073364,0.507336434
2018-05,3.8,0.579783597,22,66,2,31,11,74,20,29,38,17,22,49,4,52,25,71,5,19,15,14,11,7,27,21,64,26,18,16,5,9,43,37,64,9,43,56,4,57,34,60,66,70,29,9,18,22,,1411,0.004651408,0.465140811
2018-06,4,0.602059991,22,71,2,30,11,72,17,32,43,18,39,47,4,44,29,74,4,14,13,13,11,5,29,24,70,27,18,17,5,9,34,35,44,7,31,32,2,18,23,27,25,31,29,8,30,32,,1222,0.004028363,0.402836337
2018-07,3.9,0.591064607,24,73,1,26,12,74,23,39,45,19,39,45,4,42,19,81,4,19,15,15,10,5,41,27,64,28,20,21,6,9,49,32,43,6,40,29,2,45,17,15,19,16,29,16,28,11,,1247,0.004110777,0.41107767
2018-08,3.8,0.579783597,21,75,3,30,11,78,18,32,44,18,14,49,4,44,19,85,3,20,10,13,9,10,37,24,58,29,18,17,6,10,31,30,36,9,23,11,1,5,8,8,11,9,26,8,26,17,,1068,0.003520697,0.352069728
2018-09,3.7,0.568201724,20,67,2,25,10,66,20,26,43,16,13,49,4,47,19,70,3,16,10,14,10,15,45,21,57,25,15,16,4,9,28,33,65,10,51,78,2,25,46,42,39,45,26,11,34,16,,1308,0.004311865,0.431186521
2018-10,3.8,0.579783597,22,76,1,28,12,73,15,30,42,17,13,47,4,44,24,67,3,13,14,15,11,14,39,21,58,28,19,17,7,10,36,42,88,14,77,91,3,69,90,100,100,96,33,15,41,20,,1699,0.00560081,0.560080963
2018-11,3.7,0.568201724,23,70,2,26,11,67,11,35,39,16,10,40,3,39,19,68,4,18,9,15,11,15,48,25,63,26,19,18,4,11,37,40,73,33,56,47,3,46,52,65,68,74,38,18,37,17,,1469,0.004842607,0.484260703
2018-12,3.9,0.591064607,25,70,1,25,12,62,17,35,37,15,9,35,3,34,32,85,5,18,14,14,11,13,36,31,62,20,18,22,5,11,40,37,52,8,34,38,3,24,31,45,63,54,38,10,41,14,,1309,0.004315162,0.431516174
2019-01,4,0.602059991,33,87,1,31,16,83,20,43,87,20,12,51,4,50,27,67,3,21,15,19,15,30,40,35,84,39,28,29,9,11,35,41,54,10,30,32,3,19,20,36,28,33,45,9,38,24,,1467,0.004836014,0.483601396
2019-02,3.8,0.579783597,27,82,3,32,13,79,15,34,46,19,11,49,4,47,26,72,3,18,10,16,13,8,42,29,64,26,21,21,6,9,42,46,90,10,68,92,3,59,74,73,69,79,35,9,25,14,,1633,0.005383238,0.538323845
2019-03,3.8,0.579783597,23,79,2,33,12,72,12,29,36,17,10,46,3,45,23,80,2,22,11,13,11,5,34,25,51,28,16,18,4,9,28,43,82,11,72,80,3,65,72,80,80,86,29,15,29,22,,1568,0.005168964,0.51689638
2019-04,3.6,0.556302501,23,84,1,37,12,75,10,31,38,17,10,47,4,48,27,80,2,13,11,16,12,10,37,24,59,24,17,19,4,8,30,43,83,11,57,56,4,69,42,72,68,82,34,12,35,16,,1514,0.004990951,0.499095102
2019-05,3.6,0.556302501,21,78,1,38,12,72,9,29,38,16,22,47,5,44,32,74,3,11,10,13,10,5,34,23,61,22,16,16,5,9,32,36,64,9,43,44,3,31,35,70,65,67,33,13,64,21,,1406,0.004634925,0.463492545
2019-06,3.7,0.568201724,22,80,1,37,12,75,11,33,41,16,11,46,5,41,33,70,2,15,10,12,11,5,43,27,67,30,19,18,6,10,33,36,38,11,31,26,2,13,29,26,29,27,30,10,32,16,,1198,0.003949247,0.394924658
2019-07,3.7,0.568201724,87,2,40,13,78,9,38,49,18,11,44,5,40,27,74,3,19,15,15,12,5,29,29,68,29,20,20,4,10,40,32,35,7,28,16,2,12,21,21,17,20,38,15,39,17,0,,1173,0.003866833,0.386683325
2019-08,3.7,0.568201724,88,2,42,11,79,8,33,46,17,11,46,5,41,22,81,3,13,10,12,11,5,50,25,61,24,18,17,5,9,27,33,33,3,18,10,2,9,17,11,11,10,31,17,22,17,0,,1066,0.003514104,0.351410422
2019-09,3.5,0.544068044,77,2,35,12,74,8,30,41,16,10,48,5,45,25,68,2,3,11,12,10,14,46,25,58,23,18,17,6,10,31,34,72,9,56,53,3,20,35,46,45,60,31,13,33,20,0,,1312,0.004325051,0.432505134
2019-10,3.5,0.544068044,83,2,35,13,75,9,32,39,17,10,45,5,42,23,68,3,14,8,15,10,4,46,24,61,27,17,19,4,9,35,37,79,14,70,92,3,55,61,91,83,93,39,14,29,25,0,,1579,0.005205226,0.520522566
2019-11,3.7,0.568201724,78,2,33,13,75,7,29,41,15,10,41,4,38,29,72,2,9,12,14,11,14,45,26,69,24,16,18,4,9,29,37,72,13,60,61,3,65,49,82,83,95,36,10,30,12,0,,1497,0.00493491,0.493490996
,,,,,,,,,,,,,,,,,,,,,,,,,,,,,,,,,,,,,,,,,,,,,,,,,,,,
,,145.8738885,,,,,,,,,,,,,,,,,,,,,,,,,,,,,,,,,,,,,,,,,,,,,,,,303349,1,100